<?xml version="1.0" encoding="UTF-8"?>
<beans xmlns="http://www.springframework.org/schema/beans"
	xmlns:xsi="http://www.w3.org/2001/XMLSchema-instance"
	xmlns:context="http://www.springframework.org/schema/context"
	xmlns:jdbc="http://www.springframework.org/schema/jdbc"
	xmlns:aop="http://www.springframework.org/schema/aop"
	xsi:schemaLocation="http://www.springframework.org/schema/beans
        http://www.springframework.org/schema/beans/spring-beans.xsd
        http://www.springframework.org/schema/context
        http://www.springframework.org/schema/context/spring-context.xsd
        http://www.springframework.org/schema/jdbc
        http://www.springframework.org/schema/jdbc/spring-jdbc.xsd
        http://www.springframework.org/schema/aop
    	http://www.springframework.org/schema/aop/spring-aop-3.0.xsd ">

	<!-- Enable @AspectJ annotation support -->

	<bean id="hikariConfig" class="com.zaxxer.hikari.HikariConfig">
		<property name="jdbcUrl"
			value="jdbc:h2:mem:sample;MODE=PostgreSQL" />
		<property name="autoCommit" value="true" />
	</bean>

	<!-- H2 IN-MEMORY -->
	<bean id="dataSource" class="com.zaxxer.hikari.HikariDataSource">
		<constructor-arg ref="hikariConfig" />
	</bean>
	<jdbc:initialize-database
		data-source="dataSource">
		<jdbc:script
			location="classpath:ddl/create_database_h2_ddl.sql" />
		<jdbc:script location="classpath:sql/test-data.sql" />
	</jdbc:initialize-database>

	<!-- END Database configuration -->

</beans>
